{"cameraMode":{"drawMode":0,"name":"Shaded","section":"Shading Mode"},"sceneLighting":false,"audioPlay":false,"sceneViewState":{"m_AlwaysRefresh":false,"showFog":true,"showSkybox":false,"showFlares":true,"showImageEffects":true,"showParticleSystems":true,"showVisualEffectGraphs":true,"m_FxEnabled":true},"in2DMode":false,"pivot":{"x":-6.919559478759766,"y":-0.039999961853027347,"z":-21.729116439819337},"rotation":{"x":-0.08157534152269364,"y":0.8224766850471497,"z":-0.12202814966440201,"w":-0.5496225357055664},"size":5.927795886993408,"orthographic":false}