{"cameraMode":{"drawMode":0,"name":"Shaded","section":"Shading Mode"},"sceneLighting":false,"audioPlay":false,"sceneViewState":{"m_AlwaysRefresh":false,"showFog":true,"showSkybox":false,"showFlares":true,"showImageEffects":true,"showParticleSystems":true,"showVisualEffectGraphs":true,"m_FxEnabled":true},"in2DMode":false,"pivot":{"x":-14.275437355041504,"y":2.059565782546997,"z":6.611270904541016},"rotation":{"x":-0.9484477043151856,"y":-0.014366068877279759,"z":0.04347382113337517,"w":-0.31376734375953677},"size":3.0990378856658937,"orthographic":false}