{"cameraMode":{"drawMode":0,"name":"Shaded","section":"Shading Mode"},"sceneLighting":false,"audioPlay":false,"sceneViewState":{"m_AlwaysRefresh":false,"showFog":true,"showSkybox":false,"showFlares":true,"showImageEffects":true,"showParticleSystems":true,"showVisualEffectGraphs":true,"m_FxEnabled":true},"in2DMode":false,"pivot":{"x":-0.2841529846191406,"y":2.4394187927246095,"z":-20.218473434448243},"rotation":{"x":-0.08157534152269364,"y":0.8224766850471497,"z":-0.12202814966440201,"w":-0.5496225357055664},"size":4.7536845207214359,"orthographic":false}