{"cameraMode":{"drawMode":0,"name":"Shaded","section":"Shading Mode"},"sceneLighting":false,"audioPlay":false,"sceneViewState":{"m_AlwaysRefresh":false,"showFog":true,"showSkybox":false,"showFlares":true,"showImageEffects":true,"showParticleSystems":true,"showVisualEffectGraphs":true,"m_FxEnabled":true},"in2DMode":false,"pivot":{"x":1.9281961917877198,"y":0.17073500156402589,"z":0.7007925510406494},"rotation":{"x":0.1855534166097641,"y":0.7289195656776428,"z":-0.21735012531280518,"w":0.6221709251403809},"size":1.4616844654083253,"orthographic":false}