{"cameraMode":{"drawMode":0,"name":"Shaded","section":"Shading Mode"},"sceneLighting":false,"audioPlay":false,"sceneViewState":{"m_AlwaysRefresh":false,"showFog":true,"showSkybox":false,"showFlares":true,"showImageEffects":true,"showParticleSystems":true,"showVisualEffectGraphs":true,"m_FxEnabled":true},"in2DMode":false,"pivot":{"x":21.375999450683595,"y":0.9539999961853027,"z":-30.16900062561035},"rotation":{"x":0.39295700192451479,"y":-0.2119038850069046,"z":0.09359001368284226,"w":0.8899523019790649},"size":-0.07301834225654602,"orthographic":false}