{"cameraMode":{"drawMode":0,"name":"Shaded","section":"Shading Mode"},"sceneLighting":false,"audioPlay":false,"sceneViewState":{"m_AlwaysRefresh":false,"showFog":true,"showSkybox":false,"showFlares":true,"showImageEffects":true,"showParticleSystems":true,"showVisualEffectGraphs":true,"m_FxEnabled":true},"in2DMode":false,"pivot":{"x":0.000008481462828058284,"y":-0.00000902927786228247,"z":-0.000039649010432185605},"rotation":{"x":-0.8479008078575134,"y":-0.04832449182868004,"z":0.078489750623703,"w":-0.5221753716468811},"size":0.000017320508050033823,"orthographic":false}