{"cameraMode":{"drawMode":0,"name":"Shaded","section":"Shading Mode"},"sceneLighting":false,"audioPlay":false,"sceneViewState":{"m_AlwaysRefresh":false,"showFog":true,"showSkybox":false,"showFlares":true,"showImageEffects":true,"showParticleSystems":true,"showVisualEffectGraphs":true,"m_FxEnabled":true},"in2DMode":false,"pivot":{"x":0.0003057718276977539,"y":0.7842187285423279,"z":0.0006593614816665649},"rotation":{"x":0.08332937210798264,"y":0.8104970455169678,"z":-0.11902274191379547,"w":0.5674387216567993},"size":1.1510974168777466,"orthographic":false}